,lines,no_contractions,no_contractions_string,tokenized,lower,no_punctuations,stopwords_removed,pos_tags,lemmatized
0,"It’s up to you today to start making healthy choices. Not choices that are just healthy for your body, but healthy for your mind.","['it is', 'up', 'to', 'you', 'today', 'to', 'start', 'making', 'healthy', 'choices.', 'Not', 'choices', 'that', 'are', 'just', 'healthy', 'for', 'your', 'body,', 'but', 'healthy', 'for', 'your', 'mind.']","it is up to you today to start making healthy choices. Not choices that are just healthy for your body, but healthy for your mind.","['it', 'is', 'up', 'to', 'you', 'today', 'to', 'start', 'making', 'healthy', 'choices', '.', 'Not', 'choices', 'that', 'are', 'just', 'healthy', 'for', 'your', 'body', ',', 'but', 'healthy', 'for', 'your', 'mind', '.']","['it', 'is', 'up', 'to', 'you', 'today', 'to', 'start', 'making', 'healthy', 'choices', '.', 'not', 'choices', 'that', 'are', 'just', 'healthy', 'for', 'your', 'body', ',', 'but', 'healthy', 'for', 'your', 'mind', '.']","['it', 'is', 'up', 'to', 'you', 'today', 'to', 'start', 'making', 'healthy', 'choices', 'not', 'choices', 'that', 'are', 'just', 'healthy', 'for', 'your', 'body', 'but', 'healthy', 'for', 'your', 'mind']","['today', 'start', 'making', 'healthy', 'choices', 'choices', 'healthy', 'body', 'healthy', 'mind']","[('today', 'NN'), ('start', 'VB'), ('making', 'VBG'), ('healthy', 'JJ'), ('choices', 'NNS'), ('choices', 'NNS'), ('healthy', 'JJ'), ('body', 'NN'), ('healthy', 'JJ'), ('mind', 'NN')]","['today', 'start', 'making', 'healthy', 'choice', 'choice', 'healthy', 'body', 'healthy', 'mind']"
1,Creativity involves breaking out of established patterns in order to look at things in a different way.,"['Creativity', 'involves', 'breaking', 'out', 'of', 'established', 'patterns', 'in', 'order', 'to', 'look', 'at', 'things', 'in', 'a', 'different', 'way.']",Creativity involves breaking out of established patterns in order to look at things in a different way.,"['Creativity', 'involves', 'breaking', 'out', 'of', 'established', 'patterns', 'in', 'order', 'to', 'look', 'at', 'things', 'in', 'a', 'different', 'way', '.']","['creativity', 'involves', 'breaking', 'out', 'of', 'established', 'patterns', 'in', 'order', 'to', 'look', 'at', 'things', 'in', 'a', 'different', 'way', '.']","['creativity', 'involves', 'breaking', 'out', 'of', 'established', 'patterns', 'in', 'order', 'to', 'look', 'at', 'things', 'in', 'a', 'different', 'way']","['creativity', 'involves', 'breaking', 'established', 'patterns', 'order', 'look', 'things', 'different', 'way']","[('creativity', 'NN'), ('involves', 'VBZ'), ('breaking', 'VBG'), ('established', 'VBN'), ('patterns', 'NNS'), ('order', 'NN'), ('look', 'VBP'), ('things', 'NNS'), ('different', 'JJ'), ('way', 'NN')]","['creativity', 'involves', 'breaking', 'established', 'pattern', 'order', 'look', 'thing', 'different', 'way']"
2,"Curiosity about life in all of its aspects, I think, is still the secret of great creative people.","['Curiosity', 'about', 'life', 'in', 'all', 'of', 'its', 'aspects,', 'I', 'think,', 'is', 'still', 'the', 'secret', 'of', 'great', 'creative', 'people.']","Curiosity about life in all of its aspects, I think, is still the secret of great creative people.","['Curiosity', 'about', 'life', 'in', 'all', 'of', 'its', 'aspects', ',', 'I', 'think', ',', 'is', 'still', 'the', 'secret', 'of', 'great', 'creative', 'people', '.']","['curiosity', 'about', 'life', 'in', 'all', 'of', 'its', 'aspects', ',', 'i', 'think', ',', 'is', 'still', 'the', 'secret', 'of', 'great', 'creative', 'people', '.']","['curiosity', 'about', 'life', 'in', 'all', 'of', 'its', 'aspects', 'i', 'think', 'is', 'still', 'the', 'secret', 'of', 'great', 'creative', 'people']","['curiosity', 'life', 'aspects', 'think', 'still', 'secret', 'great', 'creative', 'people']","[('curiosity', 'NN'), ('life', 'NN'), ('aspects', 'NNS'), ('think', 'VBP'), ('still', 'RB'), ('secret', 'JJ'), ('great', 'JJ'), ('creative', 'JJ'), ('people', 'NNS')]","['curiosity', 'life', 'aspect', 'think', 'still', 'secret', 'great', 'creative', 'people']"
3,Happiness lies in the joy of achievement and the thrill of creative effort.,"['Happiness', 'lies', 'in', 'the', 'joy', 'of', 'achievement', 'and', 'the', 'thrill', 'of', 'creative', 'effort.']",Happiness lies in the joy of achievement and the thrill of creative effort.,"['Happiness', 'lies', 'in', 'the', 'joy', 'of', 'achievement', 'and', 'the', 'thrill', 'of', 'creative', 'effort', '.']","['happiness', 'lies', 'in', 'the', 'joy', 'of', 'achievement', 'and', 'the', 'thrill', 'of', 'creative', 'effort', '.']","['happiness', 'lies', 'in', 'the', 'joy', 'of', 'achievement', 'and', 'the', 'thrill', 'of', 'creative', 'effort']","['happiness', 'lies', 'joy', 'achievement', 'thrill', 'creative', 'effort']","[('happiness', 'NN'), ('lies', 'VBZ'), ('joy', 'JJ'), ('achievement', 'NN'), ('thrill', 'NN'), ('creative', 'JJ'), ('effort', 'NN')]","['happiness', 'lie', 'joy', 'achievement', 'thrill', 'creative', 'effort']"
4,Create what sets your heart on fire and it will illuminate the path ahead.,"['Create', 'what', 'sets', 'your', 'heart', 'on', 'fire', 'and', 'it', 'will', 'illuminate', 'the', 'path', 'ahead.']",Create what sets your heart on fire and it will illuminate the path ahead.,"['Create', 'what', 'sets', 'your', 'heart', 'on', 'fire', 'and', 'it', 'will', 'illuminate', 'the', 'path', 'ahead', '.']","['create', 'what', 'sets', 'your', 'heart', 'on', 'fire', 'and', 'it', 'will', 'illuminate', 'the', 'path', 'ahead', '.']","['create', 'what', 'sets', 'your', 'heart', 'on', 'fire', 'and', 'it', 'will', 'illuminate', 'the', 'path', 'ahead']","['create', 'sets', 'heart', 'fire', 'illuminate', 'path', 'ahead']","[('create', 'NN'), ('sets', 'NNS'), ('heart', 'NN'), ('fire', 'NN'), ('illuminate', 'JJ'), ('path', 'NN'), ('ahead', 'RB')]","['create', 'set', 'heart', 'fire', 'illuminate', 'path', 'ahead']"
5,Creativity is the way I share my soul with the world.,"['Creativity', 'is', 'the', 'way', 'I', 'share', 'my', 'soul', 'with', 'the', 'world.']",Creativity is the way I share my soul with the world.,"['Creativity', 'is', 'the', 'way', 'I', 'share', 'my', 'soul', 'with', 'the', 'world', '.']","['creativity', 'is', 'the', 'way', 'i', 'share', 'my', 'soul', 'with', 'the', 'world', '.']","['creativity', 'is', 'the', 'way', 'i', 'share', 'my', 'soul', 'with', 'the', 'world']","['creativity', 'way', 'share', 'soul', 'world']","[('creativity', 'NN'), ('way', 'NN'), ('share', 'NN'), ('soul', 'JJ'), ('world', 'NN')]","['creativity', 'way', 'share', 'soul', 'world']"
6,"Kindness isn't sacrifice so much as it is being considerate for the feelings of others, sharing happiness, the unselfish thought, the spontaneous and friendly act, forgetfulness of our own present interests. ","['Kindness', 'is not', 'sacrifice', 'so', 'much', 'as', 'it', 'is', 'being', 'considerate', 'for', 'the', 'feelings', 'of', 'others,', 'sharing', 'happiness,', 'the', 'unselfish', 'thought,', 'the', 'spontaneous', 'and', 'friendly', 'act,', 'forgetfulness', 'of', 'our', 'own', 'present', 'interests.']","Kindness is not sacrifice so much as it is being considerate for the feelings of others, sharing happiness, the unselfish thought, the spontaneous and friendly act, forgetfulness of our own present interests.","['Kindness', 'is', 'not', 'sacrifice', 'so', 'much', 'as', 'it', 'is', 'being', 'considerate', 'for', 'the', 'feelings', 'of', 'others', ',', 'sharing', 'happiness', ',', 'the', 'unselfish', 'thought', ',', 'the', 'spontaneous', 'and', 'friendly', 'act', ',', 'forgetfulness', 'of', 'our', 'own', 'present', 'interests', '.']","['kindness', 'is', 'not', 'sacrifice', 'so', 'much', 'as', 'it', 'is', 'being', 'considerate', 'for', 'the', 'feelings', 'of', 'others', ',', 'sharing', 'happiness', ',', 'the', 'unselfish', 'thought', ',', 'the', 'spontaneous', 'and', 'friendly', 'act', ',', 'forgetfulness', 'of', 'our', 'own', 'present', 'interests', '.']","['kindness', 'is', 'not', 'sacrifice', 'so', 'much', 'as', 'it', 'is', 'being', 'considerate', 'for', 'the', 'feelings', 'of', 'others', 'sharing', 'happiness', 'the', 'unselfish', 'thought', 'the', 'spontaneous', 'and', 'friendly', 'act', 'forgetfulness', 'of', 'our', 'own', 'present', 'interests']","['kindness', 'sacrifice', 'much', 'considerate', 'feelings', 'others', 'sharing', 'happiness', 'unselfish', 'thought', 'spontaneous', 'friendly', 'act', 'forgetfulness', 'present', 'interests']","[('kindness', 'VB'), ('sacrifice', 'NN'), ('much', 'JJ'), ('considerate', 'NN'), ('feelings', 'NNS'), ('others', 'NNS'), ('sharing', 'VBG'), ('happiness', 'JJ'), ('unselfish', 'JJ'), ('thought', 'VBN'), ('spontaneous', 'JJ'), ('friendly', 'JJ'), ('act', 'NN'), ('forgetfulness', 'JJ'), ('present', 'JJ'), ('interests', 'NNS')]","['kindness', 'sacrifice', 'much', 'considerate', 'feeling', 'others', 'sharing', 'happiness', 'unselfish', 'thought', 'spontaneous', 'friendly', 'act', 'forgetfulness', 'present', 'interest']"
7,"Take care, be kind, be considerate of other people and other species, and be loving.","['Take', 'care,', 'be', 'kind,', 'be', 'considerate', 'of', 'other', 'people', 'and', 'other', 'species,', 'and', 'be', 'loving.']","Take care, be kind, be considerate of other people and other species, and be loving.","['Take', 'care', ',', 'be', 'kind', ',', 'be', 'considerate', 'of', 'other', 'people', 'and', 'other', 'species', ',', 'and', 'be', 'loving', '.']","['take', 'care', ',', 'be', 'kind', ',', 'be', 'considerate', 'of', 'other', 'people', 'and', 'other', 'species', ',', 'and', 'be', 'loving', '.']","['take', 'care', 'be', 'kind', 'be', 'considerate', 'of', 'other', 'people', 'and', 'other', 'species', 'and', 'be', 'loving']","['take', 'care', 'kind', 'considerate', 'people', 'species', 'loving']","[('take', 'VB'), ('care', 'NN'), ('kind', 'NN'), ('considerate', 'NN'), ('people', 'NNS'), ('species', 'NNS'), ('loving', 'VBG')]","['take', 'care', 'kind', 'considerate', 'people', 'specie', 'loving']"
8,Real strength entails being considerate and supportive of people's feelings.,"['Real', 'strength', 'entails', 'being', 'considerate', 'and', 'supportive', 'of', ""people's"", 'feelings.']",Real strength entails being considerate and supportive of people's feelings.,"['Real', 'strength', 'entails', 'being', 'considerate', 'and', 'supportive', 'of', 'people', ""'s"", 'feelings', '.']","['real', 'strength', 'entails', 'being', 'considerate', 'and', 'supportive', 'of', 'people', ""'s"", 'feelings', '.']","['real', 'strength', 'entails', 'being', 'considerate', 'and', 'supportive', 'of', 'people', ""'s"", 'feelings']","['real', 'strength', 'entails', 'considerate', 'supportive', 'people', ""'s"", 'feelings']","[('real', 'JJ'), ('strength', 'NN'), ('entails', 'NNS'), ('considerate', 'VBP'), ('supportive', 'JJ'), ('people', 'NNS'), (""'s"", 'POS'), ('feelings', 'NNS')]","['real', 'strength', 'entail', 'considerate', 'supportive', 'people', ""'s"", 'feeling']"
9,Life is short but there is always time enough for courtesy.,"['Life', 'is', 'short', 'but', 'there', 'is', 'always', 'time', 'enough', 'for', 'courtesy.']",Life is short but there is always time enough for courtesy.,"['Life', 'is', 'short', 'but', 'there', 'is', 'always', 'time', 'enough', 'for', 'courtesy', '.']","['life', 'is', 'short', 'but', 'there', 'is', 'always', 'time', 'enough', 'for', 'courtesy', '.']","['life', 'is', 'short', 'but', 'there', 'is', 'always', 'time', 'enough', 'for', 'courtesy']","['life', 'short', 'always', 'time', 'enough', 'courtesy']","[('life', 'NN'), ('short', 'JJ'), ('always', 'RB'), ('time', 'NN'), ('enough', 'JJ'), ('courtesy', 'NN')]","['life', 'short', 'always', 'time', 'enough', 'courtesy']"
10,"A tree is known by its fruit; a person by their deeds. A good deed is never lost; whoever sows courtesy reaps friendship, and whoever plants kindness gathers love.","['A', 'tree', 'is', 'known', 'by', 'its', 'fruit;', 'a', 'person', 'by', 'their', 'deeds.', 'A', 'good', 'deed', 'is', 'never', 'lost;', 'whoever', 'sows', 'courtesy', 'reaps', 'friendship,', 'and', 'whoever', 'plants', 'kindness', 'gathers', 'love.']","A tree is known by its fruit; a person by their deeds. A good deed is never lost; whoever sows courtesy reaps friendship, and whoever plants kindness gathers love.","['A', 'tree', 'is', 'known', 'by', 'its', 'fruit', ';', 'a', 'person', 'by', 'their', 'deeds', '.', 'A', 'good', 'deed', 'is', 'never', 'lost', ';', 'whoever', 'sows', 'courtesy', 'reaps', 'friendship', ',', 'and', 'whoever', 'plants', 'kindness', 'gathers', 'love', '.']","['a', 'tree', 'is', 'known', 'by', 'its', 'fruit', ';', 'a', 'person', 'by', 'their', 'deeds', '.', 'a', 'good', 'deed', 'is', 'never', 'lost', ';', 'whoever', 'sows', 'courtesy', 'reaps', 'friendship', ',', 'and', 'whoever', 'plants', 'kindness', 'gathers', 'love', '.']","['a', 'tree', 'is', 'known', 'by', 'its', 'fruit', 'a', 'person', 'by', 'their', 'deeds', 'a', 'good', 'deed', 'is', 'never', 'lost', 'whoever', 'sows', 'courtesy', 'reaps', 'friendship', 'and', 'whoever', 'plants', 'kindness', 'gathers', 'love']","['tree', 'known', 'fruit', 'person', 'deeds', 'good', 'deed', 'never', 'lost', 'whoever', 'sows', 'courtesy', 'reaps', 'friendship', 'whoever', 'plants', 'kindness', 'gathers', 'love']","[('tree', 'NN'), ('known', 'VBN'), ('fruit', 'NN'), ('person', 'NN'), ('deeds', 'NNS'), ('good', 'JJ'), ('deed', 'NN'), ('never', 'RB'), ('lost', 'VBN'), ('whoever', 'NN'), ('sows', 'VBZ'), ('courtesy', 'NN'), ('reaps', 'NNS'), ('friendship', 'VBP'), ('whoever', 'JJ'), ('plants', 'NNS'), ('kindness', 'JJ'), ('gathers', 'NNS'), ('love', 'VBP')]","['tree', 'known', 'fruit', 'person', 'deed', 'good', 'deed', 'never', 'lost', 'whoever', 'sow', 'courtesy', 'reaps', 'friendship', 'whoever', 'plant', 'kindness', 'gather', 'love']"
11,If you were born with the weakness to fall. You were born with the strength to rise.,"['If', 'you', 'were', 'born', 'with', 'the', 'weakness', 'to', 'fall.', 'You', 'were', 'born', 'with', 'the', 'strength', 'to', 'rise.']",If you were born with the weakness to fall. You were born with the strength to rise.,"['If', 'you', 'were', 'born', 'with', 'the', 'weakness', 'to', 'fall', '.', 'You', 'were', 'born', 'with', 'the', 'strength', 'to', 'rise', '.']","['if', 'you', 'were', 'born', 'with', 'the', 'weakness', 'to', 'fall', '.', 'you', 'were', 'born', 'with', 'the', 'strength', 'to', 'rise', '.']","['if', 'you', 'were', 'born', 'with', 'the', 'weakness', 'to', 'fall', 'you', 'were', 'born', 'with', 'the', 'strength', 'to', 'rise']","['born', 'weakness', 'fall', 'born', 'strength', 'rise']","[('born', 'JJ'), ('weakness', 'NN'), ('fall', 'NN'), ('born', 'JJ'), ('strength', 'NN'), ('rise', 'NN')]","['born', 'weakness', 'fall', 'born', 'strength', 'rise']"
12,"Maybe who we are isn't so much about what we do, but rather what we're capable of when we least expect it.","['Maybe', 'who', 'we', 'are', 'is not', 'so', 'much', 'about', 'what', 'we', 'do,', 'but', 'rather', 'what', 'we are', 'capable', 'of', 'when', 'we', 'least', 'expect', 'it.']","Maybe who we are is not so much about what we do, but rather what we are capable of when we least expect it.","['Maybe', 'who', 'we', 'are', 'is', 'not', 'so', 'much', 'about', 'what', 'we', 'do', ',', 'but', 'rather', 'what', 'we', 'are', 'capable', 'of', 'when', 'we', 'least', 'expect', 'it', '.']","['maybe', 'who', 'we', 'are', 'is', 'not', 'so', 'much', 'about', 'what', 'we', 'do', ',', 'but', 'rather', 'what', 'we', 'are', 'capable', 'of', 'when', 'we', 'least', 'expect', 'it', '.']","['maybe', 'who', 'we', 'are', 'is', 'not', 'so', 'much', 'about', 'what', 'we', 'do', 'but', 'rather', 'what', 'we', 'are', 'capable', 'of', 'when', 'we', 'least', 'expect', 'it']","['maybe', 'much', 'rather', 'capable', 'least', 'expect']","[('maybe', 'RB'), ('much', 'JJ'), ('rather', 'RB'), ('capable', 'JJ'), ('least', 'JJS'), ('expect', 'VBP')]","['maybe', 'much', 'rather', 'capable', 'least', 'expect']"
13,"For what it’s worth: It’s never too late to be whoever you want to be. I hope you live a life you’re proud of, and if you find you’re not, I hope you have the strength to start over again.","['For', 'what', 'it is', 'worth:', 'it is', 'never', 'too', 'late', 'to', 'be', 'whoever', 'you', 'want', 'to', 'be.', 'I', 'hope', 'you', 'live', 'a', 'life', 'you are', 'proud', 'of,', 'and', 'if', 'you', 'find', 'you are', 'not,', 'I', 'hope', 'you', 'have', 'the', 'strength', 'to', 'start', 'over', 'again.']","For what it is worth: it is never too late to be whoever you want to be. I hope you live a life you are proud of, and if you find you are not, I hope you have the strength to start over again.","['For', 'what', 'it', 'is', 'worth', ':', 'it', 'is', 'never', 'too', 'late', 'to', 'be', 'whoever', 'you', 'want', 'to', 'be', '.', 'I', 'hope', 'you', 'live', 'a', 'life', 'you', 'are', 'proud', 'of', ',', 'and', 'if', 'you', 'find', 'you', 'are', 'not', ',', 'I', 'hope', 'you', 'have', 'the', 'strength', 'to', 'start', 'over', 'again', '.']","['for', 'what', 'it', 'is', 'worth', ':', 'it', 'is', 'never', 'too', 'late', 'to', 'be', 'whoever', 'you', 'want', 'to', 'be', '.', 'i', 'hope', 'you', 'live', 'a', 'life', 'you', 'are', 'proud', 'of', ',', 'and', 'if', 'you', 'find', 'you', 'are', 'not', ',', 'i', 'hope', 'you', 'have', 'the', 'strength', 'to', 'start', 'over', 'again', '.']","['for', 'what', 'it', 'is', 'worth', 'it', 'is', 'never', 'too', 'late', 'to', 'be', 'whoever', 'you', 'want', 'to', 'be', 'i', 'hope', 'you', 'live', 'a', 'life', 'you', 'are', 'proud', 'of', 'and', 'if', 'you', 'find', 'you', 'are', 'not', 'i', 'hope', 'you', 'have', 'the', 'strength', 'to', 'start', 'over', 'again']","['worth', 'never', 'late', 'whoever', 'want', 'hope', 'live', 'life', 'proud', 'find', 'hope', 'strength', 'start']","[('worth', 'JJ'), ('never', 'RB'), ('late', 'RB'), ('whoever', 'WP'), ('want', 'VBP'), ('hope', 'NN'), ('live', 'JJ'), ('life', 'NN'), ('proud', 'JJ'), ('find', 'VBP'), ('hope', 'JJ'), ('strength', 'NN'), ('start', 'NN')]","['worth', 'never', 'late', 'whoever', 'want', 'hope', 'live', 'life', 'proud', 'find', 'hope', 'strength', 'start']"
14,"When something bad happens you have three choices. You can let it define you, let it destroy you, or you can let it strengthen you.","['When', 'something', 'bad', 'happens', 'you', 'have', 'three', 'choices.', 'You', 'can', 'let', 'it', 'define', 'you,', 'let', 'it', 'destroy', 'you,', 'or', 'you', 'can', 'let', 'it', 'strengthen', 'you.']","When something bad happens you have three choices. You can let it define you, let it destroy you, or you can let it strengthen you.","['When', 'something', 'bad', 'happens', 'you', 'have', 'three', 'choices', '.', 'You', 'can', 'let', 'it', 'define', 'you', ',', 'let', 'it', 'destroy', 'you', ',', 'or', 'you', 'can', 'let', 'it', 'strengthen', 'you', '.']","['when', 'something', 'bad', 'happens', 'you', 'have', 'three', 'choices', '.', 'you', 'can', 'let', 'it', 'define', 'you', ',', 'let', 'it', 'destroy', 'you', ',', 'or', 'you', 'can', 'let', 'it', 'strengthen', 'you', '.']","['when', 'something', 'bad', 'happens', 'you', 'have', 'three', 'choices', 'you', 'can', 'let', 'it', 'define', 'you', 'let', 'it', 'destroy', 'you', 'or', 'you', 'can', 'let', 'it', 'strengthen', 'you']","['something', 'bad', 'happens', 'three', 'choices', 'let', 'define', 'let', 'destroy', 'let', 'strengthen']","[('something', 'NN'), ('bad', 'JJ'), ('happens', 'VBZ'), ('three', 'CD'), ('choices', 'NNS'), ('let', 'VBP'), ('define', 'VB'), ('let', 'VB'), ('destroy', 'JJ'), ('let', 'VB'), ('strengthen', 'VB')]","['something', 'bad', 'happens', 'three', 'choice', 'let', 'define', 'let', 'destroy', 'let', 'strengthen']"
15,"A true hero isn’t measured by the size of their strength, but by the strength of their heart.","['A', 'true', 'hero', 'is not', 'measured', 'by', 'the', 'size', 'of', 'their', 'strength,', 'but', 'by', 'the', 'strength', 'of', 'their', 'heart.']","A true hero is not measured by the size of their strength, but by the strength of their heart.","['A', 'true', 'hero', 'is', 'not', 'measured', 'by', 'the', 'size', 'of', 'their', 'strength', ',', 'but', 'by', 'the', 'strength', 'of', 'their', 'heart', '.']","['a', 'true', 'hero', 'is', 'not', 'measured', 'by', 'the', 'size', 'of', 'their', 'strength', ',', 'but', 'by', 'the', 'strength', 'of', 'their', 'heart', '.']","['a', 'true', 'hero', 'is', 'not', 'measured', 'by', 'the', 'size', 'of', 'their', 'strength', 'but', 'by', 'the', 'strength', 'of', 'their', 'heart']","['true', 'hero', 'measured', 'size', 'strength', 'strength', 'heart']","[('true', 'JJ'), ('hero', 'NN'), ('measured', 'VBD'), ('size', 'NN'), ('strength', 'NN'), ('strength', 'NN'), ('heart', 'NN')]","['true', 'hero', 'measured', 'size', 'strength', 'strength', 'heart']"
16,"Nature has been for me, for as long as I remember, a source of solace, inspiration, adventure, and delight; a home, a teacher, a companion.","['Nature', 'has', 'been', 'for', 'me,', 'for', 'as', 'long', 'as', 'I', 'remember,', 'a', 'source', 'of', 'solace,', 'inspiration,', 'adventure,', 'and', 'delight;', 'a', 'home,', 'a', 'teacher,', 'a', 'companion.']","Nature has been for me, for as long as I remember, a source of solace, inspiration, adventure, and delight; a home, a teacher, a companion.","['Nature', 'has', 'been', 'for', 'me', ',', 'for', 'as', 'long', 'as', 'I', 'remember', ',', 'a', 'source', 'of', 'solace', ',', 'inspiration', ',', 'adventure', ',', 'and', 'delight', ';', 'a', 'home', ',', 'a', 'teacher', ',', 'a', 'companion', '.']","['nature', 'has', 'been', 'for', 'me', ',', 'for', 'as', 'long', 'as', 'i', 'remember', ',', 'a', 'source', 'of', 'solace', ',', 'inspiration', ',', 'adventure', ',', 'and', 'delight', ';', 'a', 'home', ',', 'a', 'teacher', ',', 'a', 'companion', '.']","['nature', 'has', 'been', 'for', 'me', 'for', 'as', 'long', 'as', 'i', 'remember', 'a', 'source', 'of', 'solace', 'inspiration', 'adventure', 'and', 'delight', 'a', 'home', 'a', 'teacher', 'a', 'companion']","['nature', 'long', 'remember', 'source', 'solace', 'inspiration', 'adventure', 'delight', 'home', 'teacher', 'companion']","[('nature', 'NN'), ('long', 'JJ'), ('remember', 'NN'), ('source', 'NN'), ('solace', 'NN'), ('inspiration', 'NN'), ('adventure', 'NN'), ('delight', 'VBD'), ('home', 'NN'), ('teacher', 'NN'), ('companion', 'NN')]","['nature', 'long', 'remember', 'source', 'solace', 'inspiration', 'adventure', 'delight', 'home', 'teacher', 'companion']"
17,I took a walk in the woods and came out taller than the trees.,"['I', 'took', 'a', 'walk', 'in', 'the', 'woods', 'and', 'came', 'out', 'taller', 'than', 'the', 'trees.']",I took a walk in the woods and came out taller than the trees.,"['I', 'took', 'a', 'walk', 'in', 'the', 'woods', 'and', 'came', 'out', 'taller', 'than', 'the', 'trees', '.']","['i', 'took', 'a', 'walk', 'in', 'the', 'woods', 'and', 'came', 'out', 'taller', 'than', 'the', 'trees', '.']","['i', 'took', 'a', 'walk', 'in', 'the', 'woods', 'and', 'came', 'out', 'taller', 'than', 'the', 'trees']","['took', 'walk', 'woods', 'came', 'taller', 'trees']","[('took', 'VBD'), ('walk', 'NN'), ('woods', 'NNS'), ('came', 'VBD'), ('taller', 'NN'), ('trees', 'NNS')]","['took', 'walk', 'wood', 'came', 'taller', 'tree']"
18,"There is something infinitely healing in the repeated refrains of nature – the assurance that dawn comes after night, and spring after winter.","['There', 'is', 'something', 'infinitely', 'healing', 'in', 'the', 'repeated', 'refrains', 'of', 'nature', '–', 'the', 'assurance', 'that', 'dawn', 'comes', 'after', 'night,', 'and', 'spring', 'after', 'winter.']","There is something infinitely healing in the repeated refrains of nature – the assurance that dawn comes after night, and spring after winter.","['There', 'is', 'something', 'infinitely', 'healing', 'in', 'the', 'repeated', 'refrains', 'of', 'nature', '–', 'the', 'assurance', 'that', 'dawn', 'comes', 'after', 'night', ',', 'and', 'spring', 'after', 'winter', '.']","['there', 'is', 'something', 'infinitely', 'healing', 'in', 'the', 'repeated', 'refrains', 'of', 'nature', '–', 'the', 'assurance', 'that', 'dawn', 'comes', 'after', 'night', ',', 'and', 'spring', 'after', 'winter', '.']","['there', 'is', 'something', 'infinitely', 'healing', 'in', 'the', 'repeated', 'refrains', 'of', 'nature', '–', 'the', 'assurance', 'that', 'dawn', 'comes', 'after', 'night', 'and', 'spring', 'after', 'winter']","['something', 'infinitely', 'healing', 'repeated', 'refrains', 'nature', '–', 'assurance', 'dawn', 'comes', 'night', 'spring', 'winter']","[('something', 'NN'), ('infinitely', 'RB'), ('healing', 'VBG'), ('repeated', 'VBN'), ('refrains', 'NNS'), ('nature', 'JJ'), ('–', 'JJ'), ('assurance', 'NN'), ('dawn', 'NN'), ('comes', 'VBZ'), ('night', 'NN'), ('spring', 'NN'), ('winter', 'NN')]","['something', 'infinitely', 'healing', 'repeated', 'refrain', 'nature', '–', 'assurance', 'dawn', 'come', 'night', 'spring', 'winter']"
19,"A walk in nature, walks the soul back home.","['A', 'walk', 'in', 'nature,', 'walks', 'the', 'soul', 'back', 'home.']","A walk in nature, walks the soul back home.","['A', 'walk', 'in', 'nature', ',', 'walks', 'the', 'soul', 'back', 'home', '.']","['a', 'walk', 'in', 'nature', ',', 'walks', 'the', 'soul', 'back', 'home', '.']","['a', 'walk', 'in', 'nature', 'walks', 'the', 'soul', 'back', 'home']","['walk', 'nature', 'walks', 'soul', 'back', 'home']","[('walk', 'NN'), ('nature', 'NN'), ('walks', 'VBZ'), ('soul', 'VBP'), ('back', 'RB'), ('home', 'NN')]","['walk', 'nature', 'walk', 'soul', 'back', 'home']"
20,"I felt my lungs inflate with the onrush of scenery—air, mountains, trees, people. I thought, ‘This is what it is to be happy.’","['I', 'felt', 'my', 'lungs', 'inflate', 'with', 'the', 'onrush', 'of', 'scenery—air,', 'mountains,', 'trees,', 'people.', 'I', 'thought,', '‘This', 'is', 'what', 'it', 'is', 'to', 'be', 'happy.’']","I felt my lungs inflate with the onrush of scenery—air, mountains, trees, people. I thought, ‘This is what it is to be happy.’","['I', 'felt', 'my', 'lungs', 'inflate', 'with', 'the', 'onrush', 'of', 'scenery—air', ',', 'mountains', ',', 'trees', ',', 'people', '.', 'I', 'thought', ',', '‘', 'This', 'is', 'what', 'it', 'is', 'to', 'be', 'happy', '.', '’']","['i', 'felt', 'my', 'lungs', 'inflate', 'with', 'the', 'onrush', 'of', 'scenery—air', ',', 'mountains', ',', 'trees', ',', 'people', '.', 'i', 'thought', ',', '‘', 'this', 'is', 'what', 'it', 'is', 'to', 'be', 'happy', '.', '’']","['i', 'felt', 'my', 'lungs', 'inflate', 'with', 'the', 'onrush', 'of', 'scenery—air', 'mountains', 'trees', 'people', 'i', 'thought', '‘', 'this', 'is', 'what', 'it', 'is', 'to', 'be', 'happy', '’']","['felt', 'lungs', 'inflate', 'onrush', 'scenery—air', 'mountains', 'trees', 'people', 'thought', '‘', 'happy', '’']","[('felt', 'JJ'), ('lungs', 'NNS'), ('inflate', 'VBP'), ('onrush', 'JJ'), ('scenery—air', 'NN'), ('mountains', 'NNS'), ('trees', 'NNS'), ('people', 'NNS'), ('thought', 'VBD'), ('‘', 'NNPS'), ('happy', 'JJ'), ('’', 'NN')]","['felt', 'lung', 'inflate', 'onrush', 'scenery—air', 'mountain', 'tree', 'people', 'thought', '‘', 'happy', '’']"
21,It always seems impossible until its done.,"['It', 'always', 'seems', 'impossible', 'until', 'its', 'done.']",It always seems impossible until its done.,"['It', 'always', 'seems', 'impossible', 'until', 'its', 'done', '.']","['it', 'always', 'seems', 'impossible', 'until', 'its', 'done', '.']","['it', 'always', 'seems', 'impossible', 'until', 'its', 'done']","['always', 'seems', 'impossible', 'done']","[('always', 'RB'), ('seems', 'VBZ'), ('impossible', 'JJ'), ('done', 'VBN')]","['always', 'seems', 'impossible', 'done']"
22,Great things come from hard work and perseverance. No excuses.,"['Great', 'things', 'come', 'from', 'hard', 'work', 'and', 'perseverance.', 'No', 'excuses.']",Great things come from hard work and perseverance. No excuses.,"['Great', 'things', 'come', 'from', 'hard', 'work', 'and', 'perseverance', '.', 'No', 'excuses', '.']","['great', 'things', 'come', 'from', 'hard', 'work', 'and', 'perseverance', '.', 'no', 'excuses', '.']","['great', 'things', 'come', 'from', 'hard', 'work', 'and', 'perseverance', 'no', 'excuses']","['great', 'things', 'come', 'hard', 'work', 'perseverance', 'excuses']","[('great', 'JJ'), ('things', 'NNS'), ('come', 'VBP'), ('hard', 'JJ'), ('work', 'NN'), ('perseverance', 'NN'), ('excuses', 'NNS')]","['great', 'thing', 'come', 'hard', 'work', 'perseverance', 'excuse']"
23,Patience and perseverance have a magical effect before which difficulties disappear and obstacles vanish.,"['Patience', 'and', 'perseverance', 'have', 'a', 'magical', 'effect', 'before', 'which', 'difficulties', 'disappear', 'and', 'obstacles', 'vanish.']",Patience and perseverance have a magical effect before which difficulties disappear and obstacles vanish.,"['Patience', 'and', 'perseverance', 'have', 'a', 'magical', 'effect', 'before', 'which', 'difficulties', 'disappear', 'and', 'obstacles', 'vanish', '.']","['patience', 'and', 'perseverance', 'have', 'a', 'magical', 'effect', 'before', 'which', 'difficulties', 'disappear', 'and', 'obstacles', 'vanish', '.']","['patience', 'and', 'perseverance', 'have', 'a', 'magical', 'effect', 'before', 'which', 'difficulties', 'disappear', 'and', 'obstacles', 'vanish']","['patience', 'perseverance', 'magical', 'effect', 'difficulties', 'disappear', 'obstacles', 'vanish']","[('patience', 'NN'), ('perseverance', 'NN'), ('magical', 'JJ'), ('effect', 'NN'), ('difficulties', 'NNS'), ('disappear', 'VBP'), ('obstacles', 'NNS'), ('vanish', 'VB')]","['patience', 'perseverance', 'magical', 'effect', 'difficulty', 'disappear', 'obstacle', 'vanish']"
24,"Today if anything is trying to hold you back, give no attention to it. Get your hopes up, get your faith up, look up, and get ready to rise up.","['Today', 'if', 'anything', 'is', 'trying', 'to', 'hold', 'you', 'back,', 'give', 'no', 'attention', 'to', 'it.', 'Get', 'your', 'hopes', 'up,', 'get', 'your', 'faith', 'up,', 'look', 'up,', 'and', 'get', 'ready', 'to', 'rise', 'up.']","Today if anything is trying to hold you back, give no attention to it. Get your hopes up, get your faith up, look up, and get ready to rise up.","['Today', 'if', 'anything', 'is', 'trying', 'to', 'hold', 'you', 'back', ',', 'give', 'no', 'attention', 'to', 'it', '.', 'Get', 'your', 'hopes', 'up', ',', 'get', 'your', 'faith', 'up', ',', 'look', 'up', ',', 'and', 'get', 'ready', 'to', 'rise', 'up', '.']","['today', 'if', 'anything', 'is', 'trying', 'to', 'hold', 'you', 'back', ',', 'give', 'no', 'attention', 'to', 'it', '.', 'get', 'your', 'hopes', 'up', ',', 'get', 'your', 'faith', 'up', ',', 'look', 'up', ',', 'and', 'get', 'ready', 'to', 'rise', 'up', '.']","['today', 'if', 'anything', 'is', 'trying', 'to', 'hold', 'you', 'back', 'give', 'no', 'attention', 'to', 'it', 'get', 'your', 'hopes', 'up', 'get', 'your', 'faith', 'up', 'look', 'up', 'and', 'get', 'ready', 'to', 'rise', 'up']","['today', 'anything', 'trying', 'hold', 'back', 'give', 'attention', 'get', 'hopes', 'get', 'faith', 'look', 'get', 'ready', 'rise']","[('today', 'NN'), ('anything', 'NN'), ('trying', 'VBG'), ('hold', 'VB'), ('back', 'RB'), ('give', 'JJ'), ('attention', 'NN'), ('get', 'VB'), ('hopes', 'NNS'), ('get', 'VB'), ('faith', 'JJ'), ('look', 'NN'), ('get', 'VBP'), ('ready', 'JJ'), ('rise', 'NN')]","['today', 'anything', 'trying', 'hold', 'back', 'give', 'attention', 'get', 'hope', 'get', 'faith', 'look', 'get', 'ready', 'rise']"
25,I think a hero is an ordinary individual who finds strength to persevere and endure in spite of overwhelming obstacles.,"['I', 'think', 'a', 'hero', 'is', 'an', 'ordinary', 'individual', 'who', 'finds', 'strength', 'to', 'persevere', 'and', 'endure', 'in', 'spite', 'of', 'overwhelming', 'obstacles.']",I think a hero is an ordinary individual who finds strength to persevere and endure in spite of overwhelming obstacles.,"['I', 'think', 'a', 'hero', 'is', 'an', 'ordinary', 'individual', 'who', 'finds', 'strength', 'to', 'persevere', 'and', 'endure', 'in', 'spite', 'of', 'overwhelming', 'obstacles', '.']","['i', 'think', 'a', 'hero', 'is', 'an', 'ordinary', 'individual', 'who', 'finds', 'strength', 'to', 'persevere', 'and', 'endure', 'in', 'spite', 'of', 'overwhelming', 'obstacles', '.']","['i', 'think', 'a', 'hero', 'is', 'an', 'ordinary', 'individual', 'who', 'finds', 'strength', 'to', 'persevere', 'and', 'endure', 'in', 'spite', 'of', 'overwhelming', 'obstacles']","['think', 'hero', 'ordinary', 'individual', 'finds', 'strength', 'persevere', 'endure', 'spite', 'overwhelming', 'obstacles']","[('think', 'NN'), ('hero', 'NN'), ('ordinary', 'JJ'), ('individual', 'JJ'), ('finds', 'NNS'), ('strength', 'NN'), ('persevere', 'RB'), ('endure', 'JJ'), ('spite', 'JJ'), ('overwhelming', 'NN'), ('obstacles', 'NNS')]","['think', 'hero', 'ordinary', 'individual', 'find', 'strength', 'persevere', 'endure', 'spite', 'overwhelming', 'obstacle']"
26,"A smile starts on the lips, A grin spreads to the eyes, A chuckle comes from the belly; But a good laugh bursts forth from the soul, Overflows, and bubbles all around.","['A', 'smile', 'starts', 'on', 'the', 'lips,', 'A', 'grin', 'spreads', 'to', 'the', 'eyes,', 'A', 'chuckle', 'comes', 'from', 'the', 'belly;', 'But', 'a', 'good', 'laugh', 'bursts', 'forth', 'from', 'the', 'soul,', 'Overflows,', 'and', 'bubbles', 'all', 'around.']","A smile starts on the lips, A grin spreads to the eyes, A chuckle comes from the belly; But a good laugh bursts forth from the soul, Overflows, and bubbles all around.","['A', 'smile', 'starts', 'on', 'the', 'lips', ',', 'A', 'grin', 'spreads', 'to', 'the', 'eyes', ',', 'A', 'chuckle', 'comes', 'from', 'the', 'belly', ';', 'But', 'a', 'good', 'laugh', 'bursts', 'forth', 'from', 'the', 'soul', ',', 'Overflows', ',', 'and', 'bubbles', 'all', 'around', '.']","['a', 'smile', 'starts', 'on', 'the', 'lips', ',', 'a', 'grin', 'spreads', 'to', 'the', 'eyes', ',', 'a', 'chuckle', 'comes', 'from', 'the', 'belly', ';', 'but', 'a', 'good', 'laugh', 'bursts', 'forth', 'from', 'the', 'soul', ',', 'overflows', ',', 'and', 'bubbles', 'all', 'around', '.']","['a', 'smile', 'starts', 'on', 'the', 'lips', 'a', 'grin', 'spreads', 'to', 'the', 'eyes', 'a', 'chuckle', 'comes', 'from', 'the', 'belly', 'but', 'a', 'good', 'laugh', 'bursts', 'forth', 'from', 'the', 'soul', 'overflows', 'and', 'bubbles', 'all', 'around']","['smile', 'starts', 'lips', 'grin', 'spreads', 'eyes', 'chuckle', 'comes', 'belly', 'good', 'laugh', 'bursts', 'forth', 'soul', 'overflows', 'bubbles', 'around']","[('smile', 'NN'), ('starts', 'VBZ'), ('lips', 'NNS'), ('grin', 'JJ'), ('spreads', 'NNS'), ('eyes', 'NNS'), ('chuckle', 'VBP'), ('comes', 'VBZ'), ('belly', 'RB'), ('good', 'JJ'), ('laugh', 'NN'), ('bursts', 'NNS'), ('forth', 'VBP'), ('soul', 'JJ'), ('overflows', 'NNS'), ('bubbles', 'NNS'), ('around', 'IN')]","['smile', 'start', 'lip', 'grin', 'spread', 'eye', 'chuckle', 'come', 'belly', 'good', 'laugh', 'burst', 'forth', 'soul', 'overflow', 'bubble', 'around']"
27,"In this world, a good time to laugh is any time you can. ","['In', 'this', 'world,', 'a', 'good', 'time', 'to', 'laugh', 'is', 'any', 'time', 'you', 'can.']","In this world, a good time to laugh is any time you can.","['In', 'this', 'world', ',', 'a', 'good', 'time', 'to', 'laugh', 'is', 'any', 'time', 'you', 'can', '.']","['in', 'this', 'world', ',', 'a', 'good', 'time', 'to', 'laugh', 'is', 'any', 'time', 'you', 'can', '.']","['in', 'this', 'world', 'a', 'good', 'time', 'to', 'laugh', 'is', 'any', 'time', 'you', 'can']","['world', 'good', 'time', 'laugh', 'time']","[('world', 'NN'), ('good', 'JJ'), ('time', 'NN'), ('laugh', 'JJ'), ('time', 'NN')]","['world', 'good', 'time', 'laugh', 'time']"
28,To thrive in life you need three bones. A wishbone. A backbone. And a funny bone.,"['To', 'thrive', 'in', 'life', 'you', 'need', 'three', 'bones.', 'A', 'wishbone.', 'A', 'backbone.', 'And', 'a', 'funny', 'bone.']",To thrive in life you need three bones. A wishbone. A backbone. And a funny bone.,"['To', 'thrive', 'in', 'life', 'you', 'need', 'three', 'bones', '.', 'A', 'wishbone', '.', 'A', 'backbone', '.', 'And', 'a', 'funny', 'bone', '.']","['to', 'thrive', 'in', 'life', 'you', 'need', 'three', 'bones', '.', 'a', 'wishbone', '.', 'a', 'backbone', '.', 'and', 'a', 'funny', 'bone', '.']","['to', 'thrive', 'in', 'life', 'you', 'need', 'three', 'bones', 'a', 'wishbone', 'a', 'backbone', 'and', 'a', 'funny', 'bone']","['thrive', 'life', 'need', 'three', 'bones', 'wishbone', 'backbone', 'funny', 'bone']","[('thrive', 'JJ'), ('life', 'NN'), ('need', 'VBP'), ('three', 'CD'), ('bones', 'NNS'), ('wishbone', 'CD'), ('backbone', 'NN'), ('funny', 'JJ'), ('bone', 'NN')]","['thrive', 'life', 'need', 'three', 'bone', 'wishbone', 'backbone', 'funny', 'bone']"
29,"What soap is to the body, laughter is to the soul.","['What', 'soap', 'is', 'to', 'the', 'body,', 'laughter', 'is', 'to', 'the', 'soul.']","What soap is to the body, laughter is to the soul.","['What', 'soap', 'is', 'to', 'the', 'body', ',', 'laughter', 'is', 'to', 'the', 'soul', '.']","['what', 'soap', 'is', 'to', 'the', 'body', ',', 'laughter', 'is', 'to', 'the', 'soul', '.']","['what', 'soap', 'is', 'to', 'the', 'body', 'laughter', 'is', 'to', 'the', 'soul']","['soap', 'body', 'laughter', 'soul']","[('soap', 'NN'), ('body', 'NN'), ('laughter', 'NN'), ('soul', 'NN')]","['soap', 'body', 'laughter', 'soul']"
30,"I honestly think it's the thing I like most, to laugh. It cures a multitude of ills. It's probably the most important thing in a person.","['I', 'honestly', 'think', 'it is', 'the', 'thing', 'I', 'like', 'most,', 'to', 'laugh.', 'It', 'cures', 'a', 'multitude', 'of', 'ills.', 'it is', 'probably', 'the', 'most', 'important', 'thing', 'in', 'a', 'person.']","I honestly think it is the thing I like most, to laugh. It cures a multitude of ills. it is probably the most important thing in a person.","['I', 'honestly', 'think', 'it', 'is', 'the', 'thing', 'I', 'like', 'most', ',', 'to', 'laugh', '.', 'It', 'cures', 'a', 'multitude', 'of', 'ills', '.', 'it', 'is', 'probably', 'the', 'most', 'important', 'thing', 'in', 'a', 'person', '.']","['i', 'honestly', 'think', 'it', 'is', 'the', 'thing', 'i', 'like', 'most', ',', 'to', 'laugh', '.', 'it', 'cures', 'a', 'multitude', 'of', 'ills', '.', 'it', 'is', 'probably', 'the', 'most', 'important', 'thing', 'in', 'a', 'person', '.']","['i', 'honestly', 'think', 'it', 'is', 'the', 'thing', 'i', 'like', 'most', 'to', 'laugh', 'it', 'cures', 'a', 'multitude', 'of', 'ills', 'it', 'is', 'probably', 'the', 'most', 'important', 'thing', 'in', 'a', 'person']","['honestly', 'think', 'thing', 'like', 'laugh', 'cures', 'multitude', 'ills', 'probably', 'important', 'thing', 'person']","[('honestly', 'RB'), ('think', 'VBP'), ('thing', 'NN'), ('like', 'IN'), ('laugh', 'NN'), ('cures', 'NNS'), ('multitude', 'VBP'), ('ills', 'NNS'), ('probably', 'RB'), ('important', 'JJ'), ('thing', 'NN'), ('person', 'NN')]","['honestly', 'think', 'thing', 'like', 'laugh', 'cure', 'multitude', 'ill', 'probably', 'important', 'thing', 'person']"
31,Good character is the single most important attribute of a successful and worthy life.,"['Good', 'character', 'is', 'the', 'single', 'most', 'important', 'attribute', 'of', 'a', 'successful', 'and', 'worthy', 'life.']",Good character is the single most important attribute of a successful and worthy life.,"['Good', 'character', 'is', 'the', 'single', 'most', 'important', 'attribute', 'of', 'a', 'successful', 'and', 'worthy', 'life', '.']","['good', 'character', 'is', 'the', 'single', 'most', 'important', 'attribute', 'of', 'a', 'successful', 'and', 'worthy', 'life', '.']","['good', 'character', 'is', 'the', 'single', 'most', 'important', 'attribute', 'of', 'a', 'successful', 'and', 'worthy', 'life']","['good', 'character', 'single', 'important', 'attribute', 'successful', 'worthy', 'life']","[('good', 'JJ'), ('character', 'NN'), ('single', 'JJ'), ('important', 'JJ'), ('attribute', 'NN'), ('successful', 'JJ'), ('worthy', 'JJ'), ('life', 'NN')]","['good', 'character', 'single', 'important', 'attribute', 'successful', 'worthy', 'life']"
